antibiotic,phenotype,delta_hydrophobicity,delta_charge,delta_mw,is_aromatic_change,is_proline_change,wt,position,mutant
Ciprofloxacin,1,4.6,0.0,26.079999999999984,0,0,S,83,L
Ciprofloxacin,1,0.0,1.0,-0.9799999999999898,0,0,D,87,N
Ciprofloxacin,1,3.1,1.0,-58.03,0,0,D,87,G
Ciprofloxacin,1,5.3,0.0,26.079999999999984,0,0,S,80,I
Ciprofloxacin,1,-0.3999999999999999,2.0,-0.9399999999999977,0,0,E,84,K
Ciprofloxacin,0,-2.6,0.0,16.0,0,0,A,67,S
Ciprofloxacin,1,-3.1,-1.0,58.03,0,0,G,81,D
Ciprofloxacin,1,-5.3,-1.0,58.03999999999999,0,0,A,119,E
Ciprofloxacin,1,5.2,0.0,12.049999999999983,0,0,T,86,I
Ciprofloxacin,1,-3.1,-1.0,58.03,0,0,G,78,D
Ciprofloxacin,0,5.3,1.0,-44.00999999999999,0,0,D,82,A
Ciprofloxacin,1,-0.5,0.0,76.1,1,0,S,84,Y
Ciprofloxacin,0,-3.4000000000000004,0.0,26.039999999999992,0,1,A,88,P
Ciprofloxacin,0,2.4000000000000004,0.0,28.060000000000002,0,0,A,51,V
Ciprofloxacin,1,-0.3999999999999999,2.0,-0.9399999999999977,0,0,E,85,K
Ciprofloxacin,1,2.2,1.0,48.09,1,0,D,87,Y
Ciprofloxacin,1,-3.7,1.0,69.10999999999999,0,0,S,80,R
Ciprofloxacin,0,-3.4000000000000004,0.0,26.039999999999992,0,1,A,67,P
Ciprofloxacin,1,2.9,-0.1,46.08000000000001,0,0,G,81,C
Ciprofloxacin,0,2.5,0.0,-30.03,0,0,T,86,A
Ciprofloxacin,1,-0.09999999999999998,0.0,99.13999999999999,1,0,S,83,W
Ciprofloxacin,0,-2.5,0.0,30.03,0,0,A,119,T
Ciprofloxacin,1,0.2999999999999998,1.1,22.060000000000002,1,0,D,87,H
Ciprofloxacin,1,4.6,0.0,26.079999999999984,0,0,S,80,L
Ciprofloxacin,0,3.1,1.0,-72.06,0,0,E,84,G
Ciprofloxacin,0,-2.5,0.0,30.03,0,0,A,67,T
Ciprofloxacin,0,2.2,0.0,14.02000000000001,0,0,G,81,A
Ciprofloxacin,0,2.5999999999999996,0.0,30.090000000000003,0,0,T,86,M
Ciprofloxacin,0,2.9,-0.1,46.08000000000001,0,0,G,78,C
Ciprofloxacin,0,3.1,1.0,-58.03,0,0,D,82,G
Ciprofloxacin,1,4.6,0.0,26.079999999999984,0,0,S,84,L
Ciprofloxacin,0,2.4000000000000004,0.0,28.060000000000002,0,0,A,88,V
Ciprofloxacin,0,-2.5,0.0,30.03,0,0,A,51,T
Ciprofloxacin,0,3.1,1.0,-72.06,0,0,E,85,G
Ciprofloxacin,1,7.7,1.0,-15.949999999999989,0,0,D,87,V
Ciprofloxacin,0,0.10000000000000009,0.0,14.030000000000001,0,0,S,80,T
Ciprofloxacin,0,-2.2,0.0,-14.02000000000001,0,0,A,67,G
Ciprofloxacin,0,-0.4,0.0,30.02000000000001,0,0,G,81,S
Ciprofloxacin,0,-0.10000000000000009,0.0,-14.030000000000001,0,0,T,86,S
Ciprofloxacin,0,2.6,0.0,-16.0,0,0,S,83,A
Ciprofloxacin,0,2.4000000000000004,0.0,28.060000000000002,0,0,A,119,V
Ciprofloxacin,0,5.3,1.0,-44.00999999999999,0,0,D,87,A
Ciprofloxacin,0,-2.7,0.0,27.03,0,0,S,80,N
Ciprofloxacin,0,7.7,1.0,-29.97999999999999,0,0,E,84,V
Ciprofloxacin,0,0.7,-0.1,32.06,0,0,A,67,C
Ciprofloxacin,0,4.6000000000000005,0.0,42.08000000000001,0,0,G,81,V
Ciprofloxacin,0,4.9,0.0,-1.9699999999999989,0,0,T,86,V
Ciprofloxacin,0,-0.4,0.0,30.02000000000001,0,0,G,78,S
Ciprofloxacin,0,0.0,0.0,14.030000000000001,0,0,D,82,E
Ciprofloxacin,0,2.6,0.0,-16.0,0,0,S,84,A
